,HOSTELERIA,,,,
,1010 SUELOS PREPARACION,Ud./Caja,Ud./Pale,       -Precio-,
0030102,DECAP S 05 LTS. (PB) Decapante De Ceras Concentrado,4,32,"1,240 €",L
0030077,BASIC 05 LTS. (P) Líquido Base,4,32,"1,491 €",L
0220008,DESCRUST MNF 05 LTS. (P) Desincrustante Especial,4,32,"1,298 €",L
0220009,DESCRUST MNF 10 LTS. (P) Desincrustante Especial,,60,"1,277 €",L
,,,,,
,1015 SUELOS CRISTALIZADORES,Ud./Caja,Ud./Pale,       -Precio-,
0030091,CRILGON 1020 05 LTS. (P) Cristalizador Suelos Alto Brillo,4,32,"1,660 €",L
0030044,CRILGON 1030 05 LTS. (P) Cristalizador Suelos Alto Rendimiento,4,32,"1,674 €",L
0030088,CRILGON 1040 05 LTS. (P) Cristalizador Suelos Alta Resistencia,4,32,"1,739 €",L
,,,,,
,1020 SUELOS CERAS Y EMULSIONES,Ud./Caja,Ud./Pale,       -Precio-,
0030060,CERA INCOLORA 05 LTS. (P) Cera Suelos Incolora,4,32,"1,866 €",L
0030052,CERA NEGRA 05 LTS. (P) Cera Suelos Negra,4,32,"2,373 €",L
0030056,CERA ROJA 05 LTS. (P) Cera Suelos Roja,4,32,"2,986 €",L
0030020,CERAXEL 05 LTS. (P) Renovador De Suelos,4,32,"1,240 €",L
0030037,PLASTIC 05 LTS. (P) Emulsión Autobrillante,4,32,"3,366 €",L
0030105,PLASTIC PLUS 05 LTS. (P) Emulsión Metalizada Alta Resistencia,4,32,"3,808 €",L
0030085,PLASTIC INK 05 LTS. (P) Cera Metalizada Mate,4,32,"3,766 €",L
0030129,FINISH 05 LTS. (P) Cera Acabados,4,32,"1,909 €",L
,,,,,
,1025 SUELOS SELLADORES,Ud./Caja,Ud./Pale,       -Precio-,
0230099,SELLEX 05 LTS. (P) Sellador Base Acuosa,4,32,"3,893 €",L
0030136,HERMETIZADOR HR 10 LTS. (H) Sellador Base Solvente,,48,"3,727 €",L
0030130,HERMETIZADOR HR 25 LTS. (H) Sellador Base Solvente,,16,"3,705 €",L
0230145,SX 600 05 LTS. (P) Hidroleorepelente Inodoro,4,32,"6,271 €",L
0230035,SX 500 05 LTS. (H) Hidroleorepelente,4,18,"10,241 €",L
,,,,,
,1030 SUELOS MANTENIMIENTO,Ud./Caja,Ud./Pale,       -Precio-,
0030169,"BRIXOL MARINO 1,5lts. (P) Limpiador Neutro Marino",12,32,"0,849 €",Ud
0030167,BRIXOL MARINO 05 LTS. (P) Limpiador Neutro Marino,4,32,"0,548 €",L
0030160,"BRIXOL ROSA 1,5 lts. 12 uds. (P) Limpiador Neutro Bioalcohol",12,32,"0,815 €",Ud
0030108,BRIXOL ROSA 05 LTS. (P) Limpiador Neutro Bioalcohol,4,32,"0,530 €",L
0460046,"BRIXOL AMONIACAL 1,5 lts.12 uds. (P) Limpiador Amoniacal Bioalcohol",12,32,"0,988 €",Ud
0030101,BRIXOL AMONIACAL 05 LTS. (P) Limpiador Amoniacal Bioalcohol,4,32,"0,626 €",L
0460045,"BRIXOL 1,5 lts. 12 uds. (P) Limpiador Neutro",12,32,"1,034 €",Ud
0030100,BRIXOL 05 LTS. (P) Limpiador Neutro,4,32,"0,672 €",L
0030240,"BRIXOL MARSEILLE 1,5 L. 12 ud.(P) Limpiador Neutro Marsella",12,32,"0,910 €",Ud
0030179,BRIXOL MARSEILLE 05 LTS. (P) Limpiador Neutro Marsella,4,32,"0,590 €",L
0460060,"BRIXOL LEMON 1,5 lts. 12 uds. (P) Limpiador Neutro Cítrico",12,32,"0,999 €",Ud
0030161,BRIXOL LEMON 05 LTS. (P) Limpiador Neutro Cítrico,4,32,"0,638 €",L
0030180,BRIXOL T 107 05 LTS. (P) Limpiador Perfumado Extractos Naturales,4,32,"1,332 €",L
0030168,"AMOX 1,5 lts. 12 uds. (P) Detergente Amoniacal Concentrado",12,32,"0,911 €",Ud
0030157,AMOX 05 LTS. (P) Detergente Amoniacal Concentrado,4,32,"0,599 €",L
0460072,"XENAX 1,5 lts. 12 uds. (P) Limpiador Amoniacal",12,32,"0,768 €",Ud
0030172,XENAX 05 LTS.  (P) Limpiador Amoniacal,4,32,"0,503 €",L
0030024,DETERPIN 05 LTS. (P) Detergente Multiusos,4,32,"1,159 €",L
0030209,SPRING 05 LTS. (P) Limpiador Bioalcohol (Label Free),4,32,"0,949 €",L
0460141,"DEXOL 1,5 lts. 12 uds. (P) Detergente Desinfectante Superficies",12,32,"1,160 €",Ud
0030241,DEXOL 05 LTS.(P) Detergente Desinfectante Superficies,4,32,"0,770 €",L
0460005,FRESC 01 lts.12 uds. (P) Detergente Desinfectante Superficies,12,40,"1,078 €",Ud
0030033,FRESC 05 LTS. (P) Detergente Desinfectante Superficies,4,32,"0,994 €",L
,,,,,
,1030 SUELOS MANTENIMIENTO,Ud./Caja,Ud./Pale,       -Precio-,
0030146,LISEC 05 LTS. (P) Limpiador Espuma Controlada,4,32,"0,985 €",L
0030205,LISEC S/P 05 LTS. (P) Limpiador Espuma Controlada Sin Perfume,4,32,"0,938 €",L
0030234,GRASMAK 05 LTS.(P) Desengrasante Desinfectante,4,32,"1,591 €",L
0030235,GRASMAK 20 LTS.(P) Desengrasante Desinfectante,,28,"1,561 €",L
0100008,DENGRAS S/E 05 LTS. (P) Desengrasante Sin Espuma,4,32,"1,414 €",L
0100024,DENGRAS S/E 20 LTS. (P) Desengrasante Sin Espuma,,28,"1,371 €",L
0100014,DENGRAS C S/E 05 LTS. (P) Desengrasante Concentrado Sin Espuma,4,32,"1,357 €",L
0100021,DENGRAS C S/E 20 LTS. (P) Desengrasante Concentrado Sin Espuma,,28,"1,314 €",L
0030152,JABA 05 LTS. (P) Limpiador Jabonoso Madera y Parquet,4,32,"1,043 €",L
0460091,MOPAXEL 750 ml. (P) Abrillantador De Mopas,12,50,"2,399 €",Ud
0460007,MOPAXEL SPRAY 1000 ml.12 uds. (SP) Abrillantador De Mopas Spray,12,56,"2,305 €",Ud
0320091,MOQUET S 05 LTS. (P) Espuma Seca Moquetas / Tapicerías,4,32,"1,691 €",L
0020043,TAPIDUX 05 LTS. (P) Champú Limpiamoquetas,4,32,"1,206 €",L
,,,,,
,1035 LIMPIADORES SUPERFICIES,Ud./Caja,Ud./Pale,       -Precio-,
0460076,CRIST 750 ml.  12 uds. (PB) Limpiacristales,12,50,"0,691 €",Ud
0020054,CRIST 05 LTS. (P) Limpiacristales,4,32,"0,615 €",L
0460075,GLASS  750 ml. 12 uds.  (P) Limpiacristales Multiusos,12,50,"1,039 €",Ud
0020017,GLASS 05 LTS. (P) Limpiacristales Multiusos,4,32,"0,985 €",L
0320037,TAPIXEL 05 LTS. (P) Limpiador tapicerías inyección-extracción,4,32,"1,357 €",L
0320042,TAPIXEL 20 LTS. (P) Limpiador tapicerías inyección-extracción,,28,"1,314 €",L
0020051,"DISH 1,5 LTS. 12 uds. (P) Detergente Neutro Multiusos",12,32,"0,850 €",Ud
0020052,DISH 05 LTS. (P) Detergente Neutro Multiusos,4,32,"0,577 €",L
0460092,SILK 750 ml. 12 uds. (P) Multiusos Ambientador,12,50,"1,544 €",Ud
0030151,SILK 05 LTS. (P) Multiusos Ambientador,4,32,"1,561 €",L
0460082,MULTISOL  750 ml. 12 uds. (PB) Limpiador Multiusos,12,50,"0,957 €",Ud
0020023,MULTISOL 05 LTS. (P) Limpiador Multiusos,4,32,"0,812 €",L
0460073,LIMGEL  750 ml. 12 uds. (PB) Limpiador General,12,50,"1,416 €",Ud
0020012,LIMGEL 05 LTS. (P) Limpiador General,4,32,"1,409 €",L
0460085,BRINOX  750ml. 12 uds. (P) Abrillantador Acero Inoxidable,12,50,"2,286 €",Ud
0020022,BRINOX 05 LTS. (P) Abrillantador Acero Inoxidable,4,32,"2,823 €",L
0020037,BRINOX SPRAY 12 uds. (SP) Abrillantador Acero Inoxidable,12,84,"2,791 €",Ud
0460079,STAR  750 ml. 12 uds. (PB) Desengrasante Eliminador De Tintas,12,50,"1,603 €",Ud
0020021,STAR 05 LTS. (P) Desengrasante Eliminador De Tintas,4,32,"1,595 €",L
0460043,ZAX 750 ml. 12 uds. (P) Limpiador En Crema,12,50,"1,088 €",Ud
,,,,,
,1040 DESENGRASANTES,Ud./Caja,Ud./Pale,       -Precio-,
0100018,DENGRAS N 05 LTS. (P) Desengrasante Neutro,4,32,"1,298 €",L
0020000,DENGRAS H 05 LTS.  (P) Desengrasante Multifuncional,4,32,"0,927 €",L
0460089,DENGRAS  750 ml. 12 uds.(PB) Desengrasante General,12,50,"1,156 €",Ud
0100000,DENGRAS 05 LTS. (P) Desengrasante General,4,32,"1,112 €",L
0320110,DENGRAS 57 05 LTS. (P) Desengrasante Multiusos Perfumado,4,32,"1,193 €",L
0320132,DENGRAS 57 20 LTS. (P) Desengrasante Multiusos Perfumado,,28,"1,151 €",L
0470113,DENGRAS FOOD 750ml.12ud. (PB) Desengrasante Desinfectante,12,50,"1,262 €",Ud
0470089,DENGRAS FOOD 05 LTS. (P) Desengrasante Desinfectante,4,32,"1,217 €",L
0470090,DENGRAS FOOD 20 LTS. (P) Desengrasante Desinfectante,,28,"1,174 €",L
0100004,DENGRAS C 05 LTS. (P) Desengrasante Concentrado,4,32,"1,239 €",L
0100005,DENGRAS C 10 LTS. (P) Desengrasante Concentrado,,60,"1,217 €",L
0100044,DENGRAS C 20 LTS. (P) Desengrasante Concentrado,,28,"1,195 €",L
0020038,"DENGRAS F 01,25 KG.12 uds. (P) Desengrasante Planchas",12,40,"1,889 €",Ud
0020004,DENGRAS F 06 KGS. (P) Desengrasante Planchas,4,32,"1,518 €",Kg
,,,,,
,1045 BAÑOS,Ud./Caja,Ud./Pale,       -Precio-,
0460074,BEST 750 ml. 12uds. (P) Detergente Anticalcáreo Perfumado,12,50,"1,143 €",Ud
0060016,BEST 05 LTS. (P) Detergente Anticalcáreo Perfumado,4,32,"1,102 €",L
0460041,SANICAL 01 lts.12 uds. (P) Limpiador Anticalcáreo,12,40,"1,460 €",L
0050030,APLE 750 ml. 20 uds. (PB) Limpiador Antical,20,32,"1,155 €",Ud
0460094,DUST WC 01 lts.12 uds. (P) Limpiador Desincrustante W.C.,12,40,"1,608 €",Ud
0050067,DUST WC 05 LTS. (P) Limpiador Desincrustante W.C.,4,32,"1,394 €",L
0460017,BACTERIL AS 01 lts.12 uds. (P) Limpiador Antisarro W.C.,12,40,"1,367 €",Ud
0050025,BACTERIL AS 05 LTS. (P) Limpiador Antisarro W.C.,4,32,"1,155 €",L
0430084,DS INOX 05 LTS. (P) Limpiador Recuperador Acero Inoxidable,4,32,"1,309 €",L
0460022,DESTAX 1 lts. 12 uds. (P) Desatascador Profesional,12,24,"2,518 €",L
0460132,CLOP 1 lts. 12 uds. (P)    €/UD Desatascador,12,24,"2,026 €",L
,,,,,
,1050 PRODUCTOS BIOLOGICOS,Ud./Caja,Ud./Pale,       -Precio-,
0050034,BIOFOSS 05 LTS. (P) Eliminador De Olores Biológico,4,32,"2,736 €",L
0050052,BIOFOSS 20 LTS. (P) Eliminador De Olores Biológico,,28,"2,693 €",L
,,,,,
,1055 DESINFECTANTES,Ud./Caja,Ud./Pale,       -Precio-,
0050004,"BIOXEL 05 LTS. (P) Desinfectante, Amonios Cuaternarios",4,32,"1,449 €",L
0460123,AMPHOS 750 ml. 12 uds. Desinfectante viricida exento amonios cuaternarios,12,50,"1,569 €",Ud
0050070,AMPHOS 05 LTS. (P) Desinfectante viricida exento amonios cuaternarios,4,32,"1,626 €",L
0050071,AMPHOS 20 LTS. (P) Desinfectante viricida exento amonios cuaternarios,,28,"1,581 €",L
0470145,DESCOL 750 ml 12 uds (PB) Desinfectante Hidroalcohólico,12,50,"1,982 €",Ud
0470146,DESCOL 05 lts. (PB) Desinfectante Hidroalcohólico,4,32,"2,142 €",L
0470147,DESCOL 20 LTS. (P) Desinfectante Hidroalcohólico,,28,"2,099 €",L
0050016,BATOXEL 05 LTS. (P) Desinfectante Viricida Desodorizante,4,32,"3,299 €",L
0290010,DECLORNET 01lts. 12 ud. (PB) Limpiador De Superficies Clorado,12,40,"1,209 €",Ud
0290003,DECLORNET 05 LTS. (PB) Limpiador De Superficies Clorado,4,32,"0,976 €",L
0050043,FOOD CLOR 05 LTS. (PB) Coadyuvante alimentario,4,32,"0,589 €",L
0290007,EFERCLOR 01 KG. (P) Desinfectante Universal Clorado En Pastillas,6,50,"6,150 €",Kg
0470173,XEBAC 750 ML 12 ud.(PB) Multiusos Desinfectante,12,50,"1,459 €",Ud
0410095,HIPOCLORITO SODICO QX 12 KGS. (PA) Potabilización De Agua,,60,"0,682 €",Kg
0470084,HIPOCLORITO SODICO QX 24 KGS. (PA) Potabilización De Agua,,28,"0,660 €",Kg
,,,,,
,1060 LINEA ECOLABEL,Ud./Caja,Ud./Pale,       -Precio-,
0070027,"OCEAN 1,5 lts. 12 uds.(PB) Limpiador Suelos Ecolabel",12,32,"0,891 €",Ud
0070017,OCEAN 05 LTS. *PB Limpiador Superficies Ecolabel,4,32,"0,568 €",L
0070000,ECO FLOOR 1 lt. 12ud. (P) Limpiador Superficies Ecolabel,12,40,"1,328 €",Ud
0070001,ECO FLOOR 05 lts. (PB) Limpiador Superficies Ecolabel,4,32,"1,264 €",L
0070022,ECO CITTRIC 05 lts. *PB Limpiador Ecolabel sin espuma,4,32,"1,051 €",L
0070019,ECO CRISS 750 ml c/cabezal 12 uds. (PB) Limpiacristales Ecolabel,12,50,"1,284 €",Ud
0070020,ECO CRISS 05 lts. (PB) Limpiacristales Ecolabel,4,32,"0,815 €",L
0070025,LUX C/CABEZAL 750 ml. 12 uds.(PB) Limpiador Multiusos Ecolabel,12,50,"1,269 €",Ud
0070015,LUX 05 LTS. *PB Limpiador Multiusos Ecolabel,4,32,"0,772 €",L
0070024,BLUE C/CABEZAL 750 ml.12 uds (PB) Limpiador Anticalcáreo Ecolabel,12,50,"1,283 €",Ud
0070014,BLUE 05 LTS. PB Limpiador Antical Ecolabel,4,32,"0,776 €",L
0070029,SCAL 750 ML 20 UDS.(PB) Limpiador WC Ecolabel,20,32,"1,349 €",Ud
0070023,DEGREASER C/CABEZAL 750 ml. 12 uds. Desengrasante Ecolabel,12,50,"1,297 €",Ud
0070013,DEGREASER 05 LTS. *PB Desengrasante Ecolabel,4,32,"0,817 €",L
0070008,ECO NEET 05 LTS. (PB) Vajillas Manual Ecolabel,4,32,"1,395 €",L
0070016,TOPAZ 05 LTS. *PB Detergente Neutro Multiusos Ecolabel,4,32,"0,598 €",L
0070018,SOAP 05 LTS. *PB Gel de Manos Ecolabel,4,32,"0,822 €",L
,,,,,
,1065 CONCENTRADOS LINEA ECOCONNECT 2 L,Ud./Caja,Ud./Pale,       -Precio-,
0480199,ED 10 2 Lts. 4 uds. Ultraconcentrado Vajillas Manual,4,70,"7,470 €",Ud
0480200,ED 20 2 Lts. 4 uds. Ultraconcentrado Amoniacal Ecolabel,4,70,"7,106 €",Ud
0480201,ED 30 2 Lts. 4 uds. Ultraconcentrado Limpiasuelos Ecolabel,4,70,"8,890 €",Ud
0480202,ED 40 2 Lts. 4 uds. Ultraconcentrado Desengrasante General Ecolabel,4,70,"6,696 €",Ud
0480203,ED 50 2 Lts. 4 uds. Ultraconcentrado Deseng. Alta Alcalinidad Ecolabel,4,70,"6,776 €",Ud
0480204,ED 60 2 Lts. 4 uds. Ultraconcentrado Limpiador Multiusos Ecolabel,4,70,"8,192 €",Ud
0480205,ED 70 2 Lts. 4 uds. Ultraconcentrado Limpiacristales Multiusos Ecolabe,4,70,"7,836 €",Ud
0480206,ED 80 2 Lts. 4 uds. Ultraconcentrado Limpiador Baños Ecolabel,4,70,"8,716 €",Ud
0480174,AMPHOS 02 LTS.€/ud Desinfectante viricida exento amonios cuaternarios,4,70,"5,752 €",Ud
0480176,CT AMBIENT 02 LTS.€/ud Ultraconcentrado ambientador,4,70,"25,433 €",Ud
0480194,DENGRAS FOOD 02 LTS. Easylink *P Desengrasante Desinfectante,4,70,"5,130 €",Ud
0030219,FRESC 02 LTS.4 Uds.( PB) Detergente Desinfectante Superficies,4,70,"4,789 €",Ud
,,,,,
,1067 ETIQUETAS AL USO ED,,,       -Precio-,
0480117,ETIQUETAS ED 10 AL USO - 20 UDS. ,,,"2,126 €",PAQ.
0480118,ETIQUETAS ED 20 AL USO - 20 UDS. ,,,"2,126 €",PAQ.
0480119,ETIQUETAS ED 30 AL USO - 20 UDS. ,,,"2,126 €",PAQ.
0480120,ETIQUETAS ED 40 AL USO - 20 UDS. ,,,"2,126 €",PAQ.
0480121,ETIQUETAS ED 50 AL USO - 20 UDS. ,,,"2,126 €",PAQ.
0480122,ETIQUETAS ED 60 AL USO - SUELOS - 20 UDS. ,,,"2,126 €",PAQ.
0480316,ETIQUETAS ED 60 AL USO - SUPERFICIES - 20 UDS. ,,,"2,126 €",PAQ.
0480123,ETIQUETAS ED 70 AL USO - 20 UDS. ,,,"2,126 €",PAQ.
0480124,ETIQUETAS ED 80 AL USO - 20 UDS ,,,"2,126 €",PAQ.
0480198,ETIQUETAS FRESC AL USO - 20 UDS. ,,,"2,126 €",PAQ.
0480197,ETIQUETAS DENGRAS FOOD AL USO - 20 UDS. ,,,"2,126 €",PAQ.
0480175,ETIQUETAS AMPHOS  AL USO - 20 UDS. ,,,"2,126 €",PAQ.
,,,,,
,1068 SISTEMAS Y ACCESORIOS LINEA ECOCONNECT,,,       -Precio-,
0360038,ESTACION DE MEZCLA 1 PROD 4 LT. -PARA BOTELLA- ,,,"49,488 €",Ud
0360040,ESTACION DE MEZCLA 1 PROD 14 LT. -PARA CUBO- ,,,"56,425 €",Ud
0360094,ESTACION DE MEZCLA 4 PROD  4 LT. -PARA BOTELLA- ,,,"101,925 €",Ud
0600192,SOPORTE ENVASE 1X5 LTS. o 2X2 LTS. ,,,"20,610 €",Ud
0360096,ARMARIO BIDON 5 LTS. o 2X2 LTS. ,,,"34,201 €",Ud
0360123,ARMARIO ECOCONNECT FLASH ,,,"72,880 €",Ud
0040126,PIEZA CAP AZUL CONCENTRADOS ,,,"3,813 €",Ud
0600229,ESPIGA REDUCIDA DE 6 A 4 ,,,"0,881 €",Ud
0480319,PACK 3 H CIRCULOS IDENT. PRODUCTO ,,,"2,650 €",Ud
,,,,,
,1070 LINEA CAPXEL,,,       -Precio-,
0480300,KIT CAPXEL CT AMON 50 ml. 8 Uds Ultraconcentrado Amoniacal Ecolabel,,,"6,365 €",Ud
0480301,KIT CAPXEL CT LIMP 50 ml. 8 Uds Ultraconcentrado Limpiasuelos Ecolabel,,,"6,716 €",Ud
0480302,KIT CAPXEL CT DENG 50 ml. 8 Uds Ultraconcentrado Desengrasante General Ecolabel,,,"6,765 €",Ud
0480303,KIT CAPXEL CT DENG C 50 ml. 8 Uds Ultraconcentrado Deseng. Alta Alcalinidad Ecolabel,,,"7,026 €",Ud
0480304,KIT CAPXEL CT DETP 50 ml. 8 Uds Ultraconcentrado Limpiador Multiusos Ecolabel,,,"7,042 €",Ud
0480305,KIT CAPXEL CT MIR 50 ml. 8 Uds Ultraconcentrado Limpiacristales Multiusos Ecolabe,,,"7,197 €",Ud
0480311,KIT CAPXEL SANIT 50 ml. 8 Uds Ultraconcentrado Limpiador de Baños,,,"6,438 €",Ud
0480306,KIT CAPXEL CT BAÑOS 50 ml. 8 Uds Ultraconcentrado Limpiador de Baños,,,"6,438 €",Ud
0480307,KIT CAPXEL CT AMPHOS 50 ml. 8 Uds Desinfectante viricida exento amonios cuaternarios,,,"6,291 €",Ud
0480310,KIT CAPXEL FRESC 50 ml. 8 Uds Detergente Desinfectante Superficies,,,"5,973 €",Ud
0480309,KIT CAPXEL DENGRAS FOOD 50 ml. 8 Uds Desengrasante Desinfectante,,,"6,079 €",Ud
0480308,KIT CAPXEL CT AMBIENT 50 ml. 8 Uds Ultraconcentrado Ambientador,,,"10,747 €",Ud
0480312,KIT CAPXEL CT INK 50 ml. 8 Uds. Ultraconcentrado Eliminador Tinta,,,"8,314 €",Ud
0480185,CAPXEL CT AMON 50 ml. 48 uds.*P Ultraconcentrado Amoniacal Ecolabel,,,"0,656 €",Ud
0480186,CAPXEL CT LIMP 50 ml 48 uds.*P Ultraconcentrado Limpiasuelos Ecolabel,,,"0,700 €",Ud
0480187,CAPXEL CT DENG 50ml 48 uds.*P Ultraconcentrado Desengrasante General Ecolabel,,,"0,707 €",Ud
0480188,CAPXEL CT DENG C 50 ml 48 uds.*P Ultraconcentrado Deseng. Alta Alcalinidad Ecolabel,,,"0,740 €",Ud
0480189,CAPXEL CT DETP 50 ml 48 uds.*P Ultraconcentrado Limpiador Multiusos Ecolabel,,,"0,679 €",Ud
0480190,CAPXEL CT MIR 50 ml 48 uds.*P Ultraconcentrado Limpiacristales Multiusos Ecolabe,,,"0,762 €",Ud
0480259,CAPXEL CT SANIT 50 ml 48 uds. Ultraconcentrado Limpiador de Baños,,,"0,665 €",Ud
0480192,CAPXEL AMPHOS 50 ml. 48 uds. Desinfectante viricida exento amonios cuaternarios,,,"0,646 €",Ud
0480196,CAPXEL FRESC 50 ml. 48 uds. Detergente Desinfectante Superficies,,,"0,606 €",Ud
0480195,CAPXEL DENGRAS FOOD 50 ml 48 uds. Desengrasante Desinfectante,,,"0,619 €",Ud
0480193,CAPXEL CT AMBIENT 50 ml 48 uds. Ultraconcentrado Ambientador,,,"1,214 €",Ud
,,,,,
,1071 ETIQUETAS AL USO CAPXEL,,,       -Precio-,
0480317,ETIQUETAS CAPXEL CT DETP AL USO -  SUPERFICIES - 12 UDS ,,,"1,364 €",PAQ.
0480314,ETIQUETAS CAPXEL CT INK AL USO - 12 UDS ,,,"1,364 €",PAQ.
0480207,ETIQUETAS CAPXEL CT AMON AL USO - 12 UDS. ,,,"1,364 €",PAQ.
0480208,ETIQUETAS CAPXEL CT LIMP AL USO - 12 UDS ,,,"1,364 €",PAQ.
0480209,ETIQUETAS CAPXEL CT DENG AL USO - 12 UDS ,,,"1,364 €",PAQ.
0480210,ETIQUETAS CAPXEL CT DENG C AL USO - 12 UDS ,,,"1,364 €",PAQ.
0480211,ETIQUETAS CAPXEL CT DETP AL USO - SUELOS - 12 UDS ,,,"1,364 €",PAQ.
0480212,ETIQUETAS CAPXEL CT MIR AL USO - 12 UDS ,,,"1,364 €",PAQ.
0480260,ETIQUETAS CAPXEL CT SANIT AL USO - 12 UDS ,,,"1,364 €",PAQ.
0480216,ETIQUETAS CAPXEL AMPHOS AL USO - 12 UDS ,,,"1,364 €",PAQ.
0480214,ETIQUETAS CAPXEL CT AMBIENT AL USO - 12 UDS ,,,"1,364 €",PAQ.
0480217,ETIQUETAS CAPXEL DENGRAS FOOD AL USO - 12 UDS. ,,,"1,364 €",PAQ.
0480215,ETIQUETAS CAPXEL FRESC AL USO - 12 UDS ,,,"1,364 €",PAQ.
,,,,,
,1072 ACCESORIOS LINEA CAPXEL,,,       -Precio-,
0390031,BOT.PULVER 750 ML BLANCA+CAB.ESPUMANTE ,,,"0,606 €",Ud
0390030,BOT.PULVER 750 ML BLANCA+CAB.PEQUEÑO ,,,"0,576 €",Ud
0480130,BOTELLA 750 ML + TAPON PUSH ,,,"0,378 €",Ud
,,,,,
,1075 HIGIENE PERSONAL,Ud./Caja,Ud./Pale,       -Precio-,
0470164,ASEPTIC 100 ml. 40 uds.(P) Gel Hidroalcohólico Antiséptico para la piel sana,40,104,"0,974 €",Ud
0470088,ASEPTIC 500 ml. 20 UDS. (P) Gel Hidroalcohólico Antiséptico para la piel sana,20,48,"1,887 €",Ud
0470051,ASEPTIC 05 LTS. (PB) Gel Hidroalcohólico Antiséptico para la piel sana,4,32,"2,283 €",L
0470175,ASEPTIC LOCION 100 ml. 40 uds. (P) Loción Hidroalcohólica Antiséptica para la piel,,,"1,072 €",Ud
0470130,ASEPTIC LOCION 500 ml. 20 UDS. (P) Loción Hidroalcohólica Antiséptica para la piel,20,48,"1,887 €",Ud
0470131,ASEPTIC LOCION 05 LTS. (PB) Loción Hidroalcohólica Antiséptica para la piel,4,32,"2,283 €",L
0470133,IRIS 500 ml. 20 UDS.(P) Gel Piel y Cabello,20,48,"0,953 €",Ud
0010052,IRIS 750 ml. 12 uds. (P) Gel Piel y Cabello,12,50,"0,877 €",Ud
0010028,IRIS 05 LTS. (P) Gel Piel y Cabello,4,32,"0,820 €",L
0010017,TAXEL PERLADO 05 LTS. (P) Jabón Lavamanos,4,32,"0,915 €",L
0010053,DERMAXEL 750 ml. 12 uds. (P) Gel Dermatológico,12,50,"1,145 €",Ud
0010004,DERMAXEL 05 LTS. (P) Gel Dermatológico,4,32,"1,364 €",L
0010049,XEFOM 05 LTS.  (P) Gel Champú Espuma,4,32,"1,206 €",L
0010061,ECO FOAM 05 LTS.(P) Jabón Espuma,4,32,"0,960 €",L
0010055,GEL AVENA 750 ml. 12 uds. (P) Gel Avena,12,50,"0,920 €",Ud
0010054,CHAMPU ALOE 750 ml. 12 uds. (P) Champú Aloe,12,50,"0,947 €",Ud
0010056,AGUA DE COLONIA 750 ml. 12 uds. (P) Agua De Colonia,12,50,"0,927 €",Ud
0010064,ASEPTIC CARGA 1 Lt. 6 uds. (P) Gel Hidroalcohólico Antiséptico para la piel sana,,,"4,800 €",Ud
0010065,ECO FOAM CARGA 1 LT. 6 uds. (P) Jabón Espuma,,,"2,960 €",Ud
0010062,IRIS CARGA 1 Lt. 6 uds.(P) Gel Piel y Cabello,,,"2,990 €",Ud
0010063,XEFOM CARGA 1 Lt. 6 uds. (P) Gel Champú Espuma,,,"3,470 €",Ud
0390022,JABONERA CARGA 1 L ,,,"7,787 €",Ud
0370001,JABONERA GEL RELLENABLE ,,,"7,381 €",Ud
0370065,JABONERA ESPUMA RELLENABLE ,,,"9,450 €",Ud
0390027,SOPORTE PARED JABON ,,,"3,723 €",Ud
,,,,,
,1080 LAVADO MANUAL DE VAJILLA,Ud./Caja,Ud./Pale,       -Precio-,
0020016,ADEXEL 10 KGS. (C) Limpiador En Polvo Utensilios Cocina,,48,"1,408 €",Kg
0040071,"ECCO 1,5 LTS. 12 uds. (P) Vajillas Manual",12,32,"1,229 €",Ud
0040058,ECCO 05 LTS. (P) Vajillas Manual,4,32,"0,792 €",L
0460048,"DINA PLUS 1,5 LTS. 12 UDS. (P) Vajillas Manual",12,32,"1,500 €",Ud
0040020,VAMEL PRH 05 LTS. (P) Vajillas Manual Concentrado,4,32,"0,863 €",L
0040090,VAMEL 750ml. 20 uds. (P) Vajillas Manual Concentrado,20,30,"1,081 €",Ud
0040000,VAMEL 05 LTS. (P) Vajillas Manual Concentrado,4,32,"1,017 €",L
0040091,VAMEL PLUS 750ml. 20 uds. (P) Vajillas Ultra Concentrado,20,30,"1,399 €",Ud
0040052,VAMEL PLUS 05 LTS. (P) Vajillas Ultra Concentrado,4,32,"1,405 €",L
,,,,,
,1083 LAVADO AUTOMATICO DE VAJILLA,Ud./Caja,Ud./Pale,       -Precio-,
0040072,CICLON 06 KGS. (P) Vajillas Automáticas,4,32,"0,667 €",Kg
0040073,CICLON 12 KGS. (P) Vajillas Automáticas,,60,"0,645 €",Kg
0040074,CICLON 24 KGS. (P) Vajillas Automáticas,,28,"0,623 €",Kg
0040034,VAMEL AUT B 80 06 KGS. (P) Vajillas automáticas aguas medias,4,32,"0,808 €",Kg
0040035,VAMEL AUT B 80 12 KGS. (P) Vajillas automáticas aguas medias,,60,"0,787 €",Kg
0040037,VAMEL AUT B 80 24 KGS. (P) Vajillas automáticas aguas medias,,28,"0,766 €",Kg
0040004,VAMEL AUT 06 KGS. (P) Vajillas automáticas aguas semiduras,4,32,"1,104 €",Kg
0040005,VAMEL AUT 12 KGS. (P) Vajillas automáticas aguas semiduras,,60,"1,083 €",Kg
0040007,VAMEL AUT 24 KGS. (P) Vajillas automáticas aguas semiduras,,28,"1,062 €",Kg
0040008,VAMEL AUT D 06 KGS. (P) Vajillas Automáticas Aguas Duras,4,32,"1,297 €",Kg
0040009,VAMEL AUT D 12 KGS. (P) Vajillas Automáticas Aguas Duras,,60,"1,276 €",Kg
0040011,VAMEL AUT D 24 KGS. (P) Vajillas Automáticas Aguas Duras,,28,"1,255 €",Kg
0040024,VAMEL AUT S/D 06 KGS. (P) Vajillas Automáticas Aguas Muy Duras,4,32,"1,683 €",Kg
0040025,VAMEL AUT S/D 12 KGS. (P) Vajillas Automáticas Aguas Muy Duras,,60,"1,663 €",Kg
0040028,VAMEL AUT S/D 24 KGS. (P) Vajillas Automáticas Aguas Muy Duras,,28,"1,641 €",Kg
0040041,VAMEL AUT AL 06 KGS. (P) Vajillas Automáticas Cristalería y Aluminio,4,32,"1,302 €",Kg
0040042,VAMEL AUT AL 12 KGS. (P) Vajillas Automáticas Cristalería y Aluminio,,60,"1,280 €",Kg
0040044,VAMEL AUT AL 24 KGS. (P) Vajillas Automáticas Cristalería y Aluminio,,28,"1,259 €",Kg
0040061,BRIMEL AUT BL 05 LTS. (P) Abrillantador Vajillas,4,32,"1,134 €",L
0040062,BRIMEL AUT BL 10 LTS. (P) Abrillantador Vajillas,,60,"1,112 €",L
0040067,BRIMEL AUT BL 20 LTS. (P) Abrillantador Vajillas,,28,"1,090 €",L
0040012,BRIMEL AUT 05 LTS. (P) Abrillantador Vajillas Universal,4,32,"1,321 €",L
0040013,BRIMEL AUT 10 LTS. (P) Abrillantador Vajillas Universal,,60,"1,299 €",L
0040015,BRIMEL AUT 20 LTS. (P) Abrillantador Vajillas Universal,,28,"1,278 €",L
0040016,BRIMEL AUT D 05 LTS. (P) Abrillantador Vajillas Aguas Duras,4,32,"1,645 €",L
0040017,BRIMEL AUT D 10 LTS. (P) Abrillantador Vajillas Aguas Duras,,60,"1,623 €",L
0040019,BRIMEL AUT D 20 LTS. (P) Abrillantador Vajillas Aguas Duras,,28,"1,601 €",L
0060000,DESCRUST L 05 LTS. (P) Desincrustante Lavavajillas,4,32,"1,159 €",L
0060001,DESCRUST L 10 LTS. (P) Desincrustante Lavavajillas,,60,"1,138 €",L
,,,,,
,1084 LINEA ECOLABEL LAVADO AUTOMATICO VAJILLA,Ud./Caja,Ud./Pale,       -Precio-,
0040138,ECO MATTIC 06 KGS. (PB) Vajillas Automáticas Universal Ecolabel,4,32,"1,465 €",Kg
0040139,ECO MATTIC 12 KGS.(P) Vajillas Automáticas Universal Ecolabel,,60,"1,442 €",Kg
0040140,ECO MATTIC 24 KGS.(P) Vajillas Automáticas Universal Ecolabel,,28,"1,420 €",Kg
0040141,ECO BRILL 05 LTS. (PB) Abrillantador Universal Ecolabel,4,32,"1,629 €",L
0040142,ECO BRILL 10 LTS. (P) Abrillantador Universal Ecolabel,,60,"1,607 €",L
0040143,ECO BRILL 20 LTS. (P) Abrillantador Universal Ecolabel,,28,"1,584 €",L
0040152,"ECO WASSH 2,8 KG Detergente concentrado Ecolabel - Sistema EcoSave",4,70,"10,139 €",Ud
0040106,ECO WASSH 07 KG. (P) Detergente concentrado Ecolabel - Sistema EcoSave,4,32,"3,383 €",Kg
0040153,ECO FLASS 02 LTS Abrillantador concentrado Ecolabel - Sist. EcoSave,4,70,"8,379 €",Ud
0040107,ECO FLASS 05 LTS. (P) Abrillantador concentrado Ecolabel - Sist. EcoSave,2,42,"3,915 €",L
,,,,,
,1085 DOSIFICACION LAVADO DE VAJILLA,,,       -Precio-,
0360002,DOSIF. PERISTALTICO C/REG. DETERGENTE ,,,"41,666 €",Ud
0360039,DOSIF.PERISTALTICO C/REG. ABRILLANTADOR ,,,"46,233 €",Ud
0360047,DOSIF. PERISTALTICO 1 L/H C/REG. DETERGENTE ,,,"46,238 €",Ud
0360144,DOSIF. PERIST. DIGITAL DET. Y ABRI. S/SONDA ,,,"165,750 €",Ud
0360148,DOSIF. PERIST. DIGITAL DET. Y ABRI. C/SONDA ,,,"266,475 €",Ud
0600085,DOSIF. MANUAL LAVAVAJILLAS ,,,"26,588 €",Ud
0040109,PIEZA CAP BLANCO ECO WASSH ,,,"3,813 €",Ud
0040108,PIEZA CAP VERDE ECO FLASSH ,,,"3,813 €",Ud
,,,,,
,1090 AMBIENTADORES-AEROSOLES,Ud./Caja,Ud./Pale,       -Precio-,
0460095,AMBIXEL AIRSAN 750ml 12 uds. (PB) Ambientador,12,50,"1,237 €",Ud
0250082,AMBIXEL AIRSAN 05 LTS.  (PB) Ambientador,4,32,"1,129 €",L
0460080,AMBIXEL LEMON 750 ml 12 uds. (P) Ambientador,12,50,"1,614 €",Ud
0250020,AMBIXEL LEMON 05 LTS. (PB) Ambientador,4,32,"1,628 €",L
0460084,AMBIXEL ONE 750 ml. 12 uds.. (P) Ambientador,12,50,"2,485 €",Ud
0250078,AMBIXEL ONE 05 LTS. (PB) Ambientador,4,32,"2,579 €",L
0460086,AMBIXEL AIR  750 ml. 12 uds. (P) Ambientador,12,50,"2,349 €",Ud
0250008,AMBIXEL AIR 05 LTS. (PB) Ambientador,4,32,"2,516 €",L
0460078,AMBIXEL BOS 750 ml. 12 uds. (P) Ambientador,12,50,"2,582 €",Ud
0250072,AMBIXEL BOS 05 LTS. (PB) Ambientador,4,32,"2,723 €",L
0460083,AMBIXEL YOU 750 ml. 12 uds. (P) Ambientador,12,50,"2,628 €",Ud
0250063,AMBIXEL YOU 05 LTS. (PB) Ambientador,4,32,"2,754 €",L
0460077,AMBIXEL NATURA 750 ml. 12 uds. (P) Ambientador,12,50,"2,597 €",Ud
0250065,AMBIXEL NATURA 05 LTS. (PB) Ambientador,4,32,"2,763 €",L
0460098,AMBIXEL CLEO 750 ml 12 uds. (P) Ambientador,12,50,"2,783 €",Ud
0250091,AMBIXEL CLEO 05 LTS. (PB) Ambientador,4,32,"2,980 €",L
0250098,AMBIXEL SUN 750 ml. Ambientador,12,50,"2,116 €",Ud
0250097,AMBIXEL SUN 05 LTS. (PB) Ambientador,4,32,"2,174 €",L
0460068,AMBIXEL SPLAS 01 lts.12 uds. (P) Ambientador Goteo,12,40,"3,466 €",Ud
0250075,AMBIXEL SPLAS 05 LTS. (PB) Ambientador Goteo,4,32,"3,327 €",L
0460027,AMBIXEL SERVICE 01 lts.12 uds. (P) Ambientador Goteo,12,40,"3,507 €",Ud
0250032,AMBIXEL SERVICE 05 LTS. (PB) Ambientador Goteo,4,32,"3,369 €",L
0250055,SPRAY AMBIENTADOR NATURA 4 UDS (SP) Ambientador,4,320,"3,072 €",Ud
0250069,SPRAY AMBIENTADOR YOU 4 UDS (SP) Ambientador,4,320,"3,072 €",Ud
0250077,SPRAY AMBIENTADOR BOS 4 UDS (SP) Ambientador,4,320,"3,072 €",Ud
0250076,SPRAY AMBIENTADOR ONE 4 UDS (SP) Ambientador,4,320,"3,072 €",Ud
0250092,SPRAY AMBIENTADOR CLEO 4 UDS (SP) Ambientador,4,320,"3,072 €",Ud
0250096,SPRAY AMBIENTADOR COOL 4 UDS (SP) Ambientador,4,320,"2,840 €",Ud
0360037,DISPENSADOR AUTOMATICO SPRAY ,,,"10,189 €",Ud
0360033,DOSIF. AMBIENTADOR CON SONDA ,,,"213,460 €",Ud
,,,,,
,1092 INSECTICIDAS,Ud./Caja,Ud./Pale,       -Precio-,
0260000,FLANT 12 05 LTS. (P) Insecticida Voladores,4,32,"4,347 €",L
0260004,FLANT 22 R 05 LTS. (H) Insecticida Rastreros,4,18,"4,822 €",L
0260009,FLYTS SPRAY INSECTICIDA 4 UDS.(SP) Spray Insecticida,4,320,"3,773 €",Ud
,,,,,
,SANITARIA,,,,
,5510 HIGIENE DE MANOS ,Ud./Caja,Ud./Pale,       -Precio-,
0470164,ASEPTIC 100 ml. 40 uds.(P) Gel Hidroalcohólico Antiséptico para la piel sana,40,104,"0,974 €",Ud
0470088,ASEPTIC 500 ml. 20 UDS. (P) Gel Hidroalcohólico Antiséptico para la piel sana,20,48,"1,887 €",Ud
0470051,ASEPTIC 05 LTS. (PB) Gel Hidroalcohólico Antiséptico para la piel sana,4,32,"2,283 €",L
0470130,ASEPTIC LOCION 500 ml. 20 UDS. (P) Loción Hidroalcohólica Antiséptica para la piel,20,48,"1,887 €",Ud
0470131,ASEPTIC LOCION 05 LTS. (PB) Loción Hidroalcohólica Antiséptica para la piel,4,32,"2,283 €",L
0390027,SOPORTE PARED JABON ,,,"3,723 €",Ud
, ,,,,
,5520 DESINFECTANTES Y DETERGENTES ,Ud./Caja,Ud./Pale,       -Precio-,
0290017,FRESC SAN 01 Lt. 12 ud. Desinfectante de superficies ámbito sanitario,12,40,"1,943 €",Ud
0290016,FRESC SAN 05 LTS. (PB) Desinfectante de superficies ámbito sanitario,4,32,"1,075 €",L
0290014,CLORSAN 01 lt.12 uds. *PB Desinfectante de superficies ámbito sanitario,12,40,"1,794 €",Ud
0290011,CLORSAN 05 LTS. (PB) Desinfectante de superficies ámbito sanitario,4,32,"1,071 €",L
0290013,UNISAN 05 LTS. 2 ud/cj.(PB) Desinfectante de superficies ámbito sanitario,2,60,"4,559 €",L
0290020,VIRILEX c/cabezal 750 ml. 12 ud.(PB) Desinfectante de superficies ámbito sanitario,12,50,"2,420 €",Ud
0030205,LISEC S/P 05 LTS. (P) Limpiador Espuma Controlada Sin Perfume,4,32,"0,938 €",L
,,,,,
,LAVANDERIA,,,,
,1510 DETERGENTES EN POLVO ,,Ud./Pale,       -Precio-,
0080040,KLEREN 10 KGS. (S) Detergente Atomizado,,72,"1,050 €",Kg
0080035,KLEREN 20 KGS. (S) Detergente Atomizado,,36,"1,035 €",Kg
0080043,TIDY 20 KGS. (S) Detergente Atomizado Enzimático,,36,"1,314 €",Kg
0080039,KOREN 20 KGS. (S) Detergente Atomizado Concentrado,,36,"1,677 €",Kg
0080087,KLEN 500 8 KGS. (S) Detergente Atomizado Completo,,60,"1,747 €",Kg
0080007,KLEN 200 25 KGS. (S) Detergente Lavado Concentrado,,25,"1,356 €",Kg
0080024,KLEN PRED 25 KGS. (S) Detergente Predisolución,,25,"1,730 €",Kg
0080046,KLEN S/B 25 KGS. (S) Detergente Sin Blanqueantes Ópticos,,25,"1,791 €",Kg
0080019,DURON 25 KGS. (S) Detergente Prelavado y Recuperador,,25,"0,998 €",Kg
0080152,ALCON 25 KGS. Detergente Alcalino,,25,"1,652 €",Kg
,,,,,
,1515 DETERGENTES LIQUIDOS,Ud./Caja,Ud./Pale,       -Precio-,
0080056,KLEN CB 20 05 LTS. (P) Detergente Líquido Textil,4,32,"1,384 €",L
0080062,KLEN CB 20 20 LTS. (P) Detergente Líquido Textil,,28,"1,340 €",L
0080066,KLEN L COMPLET 20 LTS. (P) Detergente Monocomponente Concentrado,,28,"1,939 €",L
0080031,KLEN L 65 20 LTS. (P) Componente Humectante,,28,"1,927 €",L
0080065,KLEN L 85 24 KGS. (P) Componente Alcalino,,28,"1,264 €",Kg
,,,,,
,1520 BLANQUEANTES ,,Ud./Pale,       -Precio-,
0080067,BLANCLOR 24 KGS. (PA) Blanqueante Clorado Líquido,,28,"0,655 €",Kg
0080068,OXIBLANC 22 KGS. (PB) Blanqueante Oxigenado Líquido,,28,"1,242 €",Kg
0080016,BLANQUIDOC 10 KGS. (C) Blanqueante Clorado Sólido,,48,"2,838 €",Kg
0080015,OXIDOC PLUS 10 KGS. (C) Blanqueante Oxigenado Sólido,,48,"2,271 €",Kg
0800392,PEROX 22 KGS. (PB) Blanqueante Baja Temperatura,,28,"1,710 €",Kg
,,,,,
,1530 SUAVIZANTES Y NEUTRALIZANTES ,Ud./Caja,Ud./Pale,       -Precio-,
0080089,COTTON 05 LTS. (P) Suavizante de Ropa,4,32,"0,683 €",L
0080091,COTTON 20 LTS. (P) Suavizante de Ropa,,28,"0,639 €",L
0080000,SUAMEL 05 LTS.  (P) Suavizante de Ropa,4,32,"0,816 €",L
0080070,SUAMEL 20 LTS. (P) Suavizante de Ropa,,28,"0,772 €",L
0080176,SUAMEL S/P 20 lts. (P) Suavizante Sin Perfume,,28,"0,849 €",L
0080161,SENS 05 LTS.( P) Suavizante microencapsulado,4,32,"1,048 €",L
0080160,SENS 20 LTS. (P) Suavizante microencapsulado,,28,"0,985 €",L
0080135,CARE 05 LTS.  (P) Suavizante Concentrado,4,32,"1,623 €",L
0080136,CARE 20 LTS. (P) Suavizante Concentrado,,28,"1,579 €",L
0080036,SUAMEL NEUTRAL 05 LTS. (P) Suavizante Neutralizante,4,32,"1,058 €",L
0080071,SUAMEL NEUTRAL 20 LTS. (P) Suavizante Neutralizante,,28,"1,015 €",L
0080069,NEUCLOR L 20 LTS. (PA) Neutralizante Líquido,,28,"1,327 €",L
0080021,NEUCLOR S 10 KGS. (S) Neutralizante Sólido,,72,"1,612 €",Kg
,,,,,
,1550 DESMANCHANTES,Ud./Caja,Ud./Pale,       -Precio-,
0080013,HUMECT 05 LTS. (PB) Desmanchante líquido multi-enzimático,4,32,"2,647 €",L
0080059,HUMECT 20 LTS. (P) Desmanchante líquido multi-enzimático,,28,"2,602 €",L
0080153,EMUL 05 LTS. (PB) Desengrasante Emulgente,4,32,"3,669 €",L
0080154,EMUL 20 LTS. (P) Desengrasante Emulgente,,28,"3,647 €",L
0080010,DESMANCHANT 10 LTS. (C) Pasta Desmanchante,,48,"1,785 €",L
0080179,STOPSUN 750 ml c/cabezal (P) Desmanchante bronceadores,12,50,"2,342 €",L
0080180,STOPSUN 20 lts.(P) Desmanchante bronceadores,,28,"2,215 €",L
,,,,,
,1570 ADITIVOS,Ud./Caja,Ud./Pale,       -Precio-,
0080044,OXINET 05 LTS. (P) Recuperador De Manchas De Óxido,4,32,"1,309 €",L
0080004,SEC 80 05 LTS. (P) Secuestrante de Hierro,4,32,"2,638 €",L
0080172,TURBOL 26 KGS. (P) Aditivo alcalino concentrado,,28,"1,581 €",Kg
,,,,,
,1580 CONCENTRADOS AUTOSERVICIO ,,Ud./Pale,       -Precio-,
0080146,SUPRA SOFT 10 LTS. (P) Suavizante Ultraconcentrado Textil,,60,"8,359 €",L
0080145,SUPRA TEX 10 LTS. (P) Detergente Ultraconcentrado Textil,,60,"6,414 €",L
,,,,,
,1585 QUIMBOX,Ud./Caja,Ud./Pale,       -Precio-,
0080188,QUIMBOX KLEN L COMPLET 10 L (BB) Detergente Monocomponente Concentrado,1,60,"30,715 €",Ud
0080182,QUIMBOX KLEN L 65 10 L.(BB) Componente Humectante,1,60,"29,870 €",Ud
0080183,QUIMBOX KLEN L 85 12 KG.(BB) Componente Alcalino,1,60,"24,060 €",Ud
0080186,QUIMBOX PEROX 11 KG (BB) Blanqueante Baja Temperatura,1,60,"34,820 €",Ud
0080187,QUIMBOX ECO OXXY 10 L (BB) Blanqueante Baja Temperatura,1,60,"58,700 €",Ud
0080185,QUIMBOX SENS 10 L (BB) Suavizante microencapsulado,1,60,"21,300 €",Ud
0080184,QUIMBOX CARE 10 L (BB) Suavizante Concentrado,1,60,"25,730 €",Ud
0080189,QUIMBOX HUMECT 10 L.(BB) Desmanchante líquido multi-enzimático,1,60,"43,112 €",Ud
0080181,QUIMBOX EMUL 10 L.(BB) Desengrasante Emulgente,1,60,"50,725 €",Ud
0080190,QUIMBOX CONECTOR QCV LAVANDERÍA ,,,"9,280 €",Ud
0080191,QUIMBOX SOPORTE CAJA 10 L,,,"43,800 €",Ud
,,,,,
,1590 DOSIFICACION LAVANDERIA,,,       -Precio-,
0600005,DOSIF.LAVANDERIA 3 x 18 LTS. SK,,,"419,439 €",Ud
0600007,DOSIF.LAVANDERIA 4 x 18 LTS. SK,,,"484,611 €",Ud
0600008,DOSIF.LAVANDERIA 5 x 18 LTS. SK,,,"549,883 €",Ud
0600009,DOSIF.LAVANDERIA 6 x 18 LTS. SK,,,"614,398 €",Ud
0600010,DOSIF.LAVANDERIA 3 x 30-120 LTS. SK,,,"726,893 €",Ud
0600011,DOSIF.LAVANDERIA 4 x 30-120 LTS. SK,,,"783,176 €",Ud
0600012,DOSIF.LAVANDERIA 5 x 30-120 LTS SK,,,"847,367 €",Ud
0600013,DOSIF.LAVANDERIA 6 x 30-120 LTS. SK,,,"912,962 €",Ud
0600259,DOSIF.LAVAN.PERIS. MULTIMAQUINA 6P 3L SK,,,"3.449,347 €",Ud
0600260,DOSIF.LAVAN.PERIS. MULTIMAQUINA 6P 4L SK,,,"3.829,182 €",Ud
0600261,DOSIF.LAVAN.PERIS. MULTIMAQUINA 6P 5L SK,,,"4.208,227 €",Ud
0600262,DOSIF.LAVAN.PERIS. MULTIMAQUINA 6P 6L SK,,,"4.618,763 €",Ud
0600247,TUBO SANTOPRENE MULTIMAQUINA 18 LTS. SK,,,"11,375 €",Ud
0600248,TUBO SANTOPRENE MULTIMAQUINA 30 LTS. SK,,,"13,563 €",Ud
0600040,TUBO SILICONA  18 LTS. SK,,,"7,353 €",Ud
0600119,TUBO NORPRENE 18 LTS. SK,,,"7,353 €",Ud
0600127,TUBO SILICONA  30 LTS. SK,,,"9,661 €",Ud
0600041,TUBO NORPRENE 30 LTS. SK,,,"9,661 €",Ud
0600130,CAÑA ASPIRACION 20 LTS. 2 SALIDAS S/SONDA,,,"20,449 €",Ud
0600176,CAÑA ASPIR. ALTO CAUDAL 20/10 LT 3 SALIDAS C/SONDA,,,"48,800 €",Ud
0600291,CAÑA ASPIR. ALTO CAUDAL 200/1000 LTS. 3 SALIDAS C/SONDA,,,"56,865 €",Ud
0600004,PROGRAMADOR SMART SK,,,"155,187 €",Ud
0600014,DEPOSITO 100 L. LAVANDERIA,,,"66,506 €",Ud
0600129,DEPOSITO 250 L. LAVANDERIA,,,"84,181 €",Ud
0600203,REDUCTOR DE PRESION CON MANOMETRO EC 1/2,,,"34,378 €",Ud
0600029,ROLLO 100 MTS. TUBO DIAMANTE 8 X 12,,,"67,350 €",Ud
0600089,GOMA TOMA LAVADORA 2 M.,,,"4,659 €",Ud
0600082,GOMA TOMA LAVADORA 4 M.,,,"7,383 €",Ud
,,,,,
,ALIMENTARIA,,,,
,5010 HIGIENE DE MANOS ,Ud./Caja,Ud./Pale,       -Precio-,
0010022,DERMOSAN 05 LTS. (PB) Jabón Dermatológico Alimentaria,4,32,"1,075 €",L
0470164,ASEPTIC 100 ml. 40 uds.(P) Gel Hidroalcohólico Antiséptico para la piel sana,40,104,"0,974 €",Ud
0470088,ASEPTIC 500 ml. 20 UDS. (P) Gel Hidroalcohólico Antiséptico para la piel sana,20,48,"1,887 €",Ud
0470051,ASEPTIC 05 LTS. (PB) Gel Hidroalcohólico Antiséptico para la piel sana,4,32,"2,283 €",L
0470175,ASEPTIC LOCION 100 ml. 40 uds. (P) Loción Hidroalcohólica Antiséptica para la piel, ,,"1,072 €",Ud
0470130,ASEPTIC LOCION 500 ml. 20 UDS. (P) Loción Hidroalcohólica Antiséptica para la piel,20,48,"1,887 €",Ud
0470131,ASEPTIC LOCION 05 LTS. (PB) Loción Hidroalcohólica Antiséptica para la piel,4,32,"2,283 €",L
0390027,SOPORTE PARED JABON ,,,"3,723 €",Ud
, ,,,,
,5020 DETERGENTES ALCALINOS ,,Ud./Pale,       -Precio-,
0470122,DESCON 10 LTS. (P) Detergente Neutro Autoespumante,,60,"1,228 €",L
0470087,DESCON 20 LTS. (P) Detergente Neutro Autoespumante,,28,"1,207 €",L
0470011,GRASNET 20 10 LTS. (P) Detergente Alcalino Concentrado,,60,"1,148 €",L
0470075,GRASNET 20 20 LTS. (P) Detergente Alcalino Concentrado,,28,"1,125 €",L
0470013,DESEN FOAM 11 KGS. (P) Detergente Espumante,,60,"0,957 €",Kg
0470073,DESEN FOAM 22 KGS. (P) Detergente Espumante,,28,"0,935 €",Kg
0470124,TOP FOAM 14 KGS. (P) Desengrasante Alta Alcalinidad Espumante,,60,"1,315 €",Kg
0470125,TOP FOAM 28 KGS. (P) Desengrasante Alta Alcalinidad Espumante,,,"1,292 €",Kg
, ,,,,
,5030 DETERGENTES ALCALINOS SIN ESPUMA ,Ud./Caja,Ud./Pale,       -Precio-,
0470119,DESEN 80 12 KGS. (P) Detergente Alcalino Sin Espuma,,60,"0,851 €",Kg
0470105,DESEN 80 24 KGS. (P) Detergente Alcalino Sin Espuma,,28,"0,829 €",Kg
0470006,DESEN 16 11 KGS. (P) Desengrasante Alcalino Sin Espuma,,60,"0,957 €",Kg
0470074,DESEN 16 22 KGS. (P) Desengrasante Alcalino Sin Espuma,,28,"0,935 €",Kg
0320182,DESEN 47 15 KGS. (P) Desengrasante Antiespumante Cip,,60,"1,368 €",Kg
0320183,DESEN 47 30 KGS. (P) Desengrasante Antiespumante Cip,,28,"1,346 €",Kg
0470068,TERSOL 25 KGS. (S) Detergente Alcalino Polvo,,25,"1,658 €",Kg
0470114,GRASNET ICE 05 LTS.(P) Detergente Antihielo,4,32,"3,009 €",L
, ,,,,
,5040 DETERGENTES DESINFECTANTES ALIMENTARIA ,Ud./Caja,Ud./Pale,       -Precio-,
0470000,DENCLOR S/E 11 KGS. (PA) Desengrasante Clorado Sin Espuma,,60,"0,888 €",Kg
0470077,DENCLOR S/E 22 KGS. (PA) Desengrasante Clorado Sin Espuma,,28,"0,867 €",Kg
0470091,LICLOR 29 12 KGS. (PA) Desengrasante Clorado Concentrado S/E,,60,"1,134 €",Kg
0470092,LICLOR 29 24 KGS. (PA) Desengrasante Clorado Concentrado S/E,,28,"1,112 €",Kg
0470003,DENCLOR FOAM 11 KGS. (PA) Desengrasante Clorado Espumante,,60,"1,078 €",Kg
0470076,DENCLOR FOAM 22 KGS. (PA) Desengrasante Clorado Espumante,,28,"1,054 €",Kg
0470113,DENGRAS FOOD 750ml.12ud. (PB) Desengrasante Desinfectante,12,50,"1,262 €",Ud
0470089,DENGRAS FOOD 05 LTS. (P) Desengrasante Desinfectante,4,32,"1,217 €",L
0470090,DENGRAS FOOD 20 LTS. (P) Desengrasante Desinfectante,,28,"1,174 €",L
0030234,GRASMAK 05 LTS.(P) Desengrasante Desinfectante,4,32,"1,591 €",L
0030235,GRASMAK 20 LTS.(P) Desengrasante Desinfectante,,28,"1,561 €",L
, ,,,,
,5050 DESINFECTANTES ALIMENTARIA ,Ud./Caja,Ud./Pale,       -Precio-,
0050004,"BIOXEL 05 LTS. (P) Desinfectante, Amonios Cuaternarios",4,32,"1,449 €",L
0050021,"BIOXEL 20 LTS. (P) Desinfectante, Amonios Cuaternarios",,28,"1,406 €",L
0050070,AMPHOS 05 LTS. (P) Desinfectante viricida exento amonios cuaternarios,4,32,"1,626 €",L
0050071,AMPHOS 20 LTS. (P) Desinfectante viricida exento amonios cuaternarios,,28,"1,581 €",L
0470145,DESCOL 750 ml 12 uds (PB) Desinfectante Hidroalcohólico,12,50,"1,982 €",Ud
0470146,DESCOL 05 lts. (PB) Desinfectante Hidroalcohólico,4,32,"2,142 €",L
0470147,DESCOL 20 LTS. (P) Desinfectante Hidroalcohólico,,28,"2,099 €",L
0050072,HP CLOR 12 KGS. (PA) Desinfectante De Superficies Clorado,,60,"0,682 €",Kg
0050073,HP CLOR 24 KGS. (PA) Desinfectante De Superficies Clorado,,28,"0,660 €",Kg
0080094,OXEL 22 KGS. (PB) Desinfectante Base Peracético,,28,"1,995 €",Kg
, ,,,,
,5060 DESINCRUSTANTES ALIMENTARIA ,,Ud./Pale,       -Precio-,
0470042,DS15 IN 12 kgs. (P) Detergente Desincrustante,,60,"1,654 €",Kg
0470082,DS15 IN 24 kgs. (P) Detergente Desincrustante,,28,"1,634 €",Kg
0220005,DESCRUST F 12 KGS. (P) Desincrustante Industria Alimentaria,,60,"1,928 €",Kg
0220019,DESCRUST F 24 KGS. (P) Desincrustante Industria Alimentaria,,28,"1,907 €",Kg
0470045,LC 56 FOAM 10 LTS. (P) Detergente Ácido Espumante,,60,"1,938 €",L
0470083,LC 56 FOAM 20 LTS. (P) Detergente Ácido Espumante,,28,"1,918 €",L
, ,,,,
,5085 VARIOS ALIMENTARIA ,Ud./Caja,Ud./Pale,       -Precio-,
0050034,BIOFOSS 05 LTS. (P) Eliminador De Olores Biológico,4,32,"2,736 €",L
0030176,OXOCLEAN 10 LTS. (PA) Aditivo Limpiador Oxigenado,,60,"1,484 €",L
0050052,BIOFOSS 20 LTS. (P) Eliminador De Olores Biológico,,28,"2,693 €",L
0430064,ANTIESPUMANTE 05 LTS. (P) Antiespumante,4,32,"2,752 €",L
0430110,ANTIESPUMANTE 20 LTS. (P) Antiespumante,,28,"2,710 €",L
, ,,,,
,5100 DOSIFICADORES Y ACCESORIOS ,,,       -Precio-,
0500081,CAÑON ESPUMA MOVIL INOX 50 LTS. ,,,"803,250 €",Ud
0500073,EQUIPO DESINFECCION 1 PROD. MANGUERA 15 MT. ,,,"188,500 €",Ud
0500068,EQUIPO ESPUMA 1 PROD. C/ACLARADO MANGUERA 15 MT ,,,"654,723 €",Ud
0500174,EQUIPO ESPUMA PORTATIL 95 LTS. ,,,"912,280 €",Ud
,,,,,
,AUTOMOCION,,,,
,2010 LIMPIEZA MANOS ,Ud./Caja,Ud./Pale,       -Precio-,
0090000,TAXEL 05 LTS. (P) Gel Lavamanos Desengrasante,4,32,"1,851 €",L
0090031,TAXEL 20 LTS. (P) Lavamanos Desengrasante,,28,"1,808 €",L
0090007,DERPAST 05 LTS. (C) Pasta Lavamanos Micropartículas,4,18,"1,899 €",L
0090008,DERPAST 10 LTS. (C) Pasta Lavamanos Micropartículas,,48,"1,877 €",L
0090009,DERPAST 25 LTS. (C) Pasta Lavamanos Micropartículas,,16,"1,855 €",L
0090520,NARCREM 01 lts. 12 ud. Crema Lavamanos Cítrica,12,40,"2,760 €",Ud
0090048,NARCREM BOLSA 2 LTS. (B) Crema Lavamanos Cítrica,4,70,"6,056 €",Ud
0090033,NARCREM 05 LTS. (PB) Crema Lavamanos Cítrica,4,18,"2,122 €",L
0090043,NARCREM 20 LTS. (P) Crema Lavamanos Cítrica,,28,"1,900 €",L
0090047,CREMPAST BOLSA 2 LTS. (B) Crema Lavamanos Micropartículas,4,70,"6,020 €",Ud
0090012,CREMPAST 05 LTS. (PB) Crema Lavamanos Micropartículas,4,18,"2,110 €",L
0090028,CREMPAST 20 LTS. (P) Crema Lavamanos Micropartículas,,28,"1,886 €",L
0370174,SOPORTE PARED TARRO 5 LTS. ,,,"21,548 €",Ud
0390018,JABONERA RECAMBIO 2 LTS. ,,,"38,350 €",Ud
, ,,,,
,2020 ELIMINADORES CAPAS AUTOMOCION ,Ud./Caja,Ud./Pale,       -Precio-,
0150010,AD 81 10 LTS. (H) Eliminador De Adhesivos,,48,"2,329 €",L
0100013,BREA 20 10 LTS. (H) Eliminador De Alquitrán Y Breas,,48,"2,235 €",L
, ,,,,
,2025 DIELECTRICOS Y DESBLOCANTES ,Ud./Caja,Ud./Pale,       -Precio-,
0140004,DESBLOC SPRAY 500 ML. (SP) Aflojatodo En Spray,12,84,"2,556 €",Ud
0140001,DESBLOC 10 LTS. (H) Aflojatodo,,48,"3,478 €",L
0140002,DESBLOC 25 LTS.  (M) Aflojatodo,,16,"3,447 €",L
, ,,,,
,2030 PETROLEANTES ,Ud./Caja,Ud./Pale,       -Precio-,
0120014,PETROL 15/60 P 25 LTS. (M) Petroleante Secado Rápido,,16,"2,187 €",L
0120015,PETROL 15/60 P 50 LTS. (M) Petroleante Secado Rápido,,,"2,165 €",L
0120006,PETROL P 25 LTS. (M) Petroleante Puro,,16,"2,123 €",L
0120007,PETROL P 50 LTS. (M) Petroleante Puro,,,"2,095 €",L
0200005,CITRIXEL  05 LTS. (M) Solvente Eco,4,18,"4,170 €",L
0200006,CITRIXEL  25 LTS. (M) Solvente Eco,,16,"4,126 €",L
0120002,PETROL E 25 LTS. (M) Petroleante Emulsionable Rojo,,16,"2,396 €",L
0320026,PETROL F 25 LTS. (M) Petroleante Emulsionable Verde,,16,"2,354 €",L
, ,,,,
,2033 LIMPIEZA URBANA ,Ud./Caja,Ud./Pale,       -Precio-,
0470118,DESEN 33 05 LTS. (P) Desengrasante Sin Espuma,4,32,"0,874 €",L
0030176,OXOCLEAN 10 LTS. (PA) Aditivo Limpiador Oxigenado,,60,"1,484 €",L
0470103,DESEN 33 20 LTS. (P) Desengrasante Sin Espuma,,28,"0,853 €",L
0320203,DEOPLUS 05 LTS. (P) Desengrasante Desodorizante,4,32,"4,458 €",L
0320200,DEOPLUS 20 LTS. (P) Desengrasante Desodorizante,,28,"4,414 €",L
0470006,DESEN 16 11 KGS. (P) Desengrasante Alcalino Sin Espuma,,60,"0,957 €",Kg
0470074,DESEN 16 22 KGS. (P) Desengrasante Alcalino Sin Espuma,,28,"0,935 €",Kg
0320110,DENGRAS 57 05 LTS. (P) Desengrasante Multiusos Perfumado,4,32,"1,193 €",L
0320132,DENGRAS 57 20 LTS. (P) Desengrasante Multiusos Perfumado,,28,"1,151 €",L
0050016,BATOXEL 05 LTS. (P) Desinfectante Viricida Desodorizante,4,32,"3,299 €",L
0230151,LIMPGRAFFITI 10 lts. (P) Limpiador Graffitis,,60,"3,611 €",L
0230049,PROTEC ANTIGRAFFITI 10 LTS. (P) Protector Antigraffiti,,60,"6,769 €",L
, ,,,,
,2035 LAVADO VEHICULOS INDUSTRIALES ,,Ud./Pale,       -Precio-,
0320138,FB 18 20 LTS.  (P) Desengrasante Superficies Duras,,28,"0,967 €",L
0320014,DENGRAS CL 20 LTS. (P) Desengrasante Antiestático,,28,"0,986 €",L
0320106,DENGRAS 46 20 LTS. (P) Desengrasante Antiestático Super,,28,"1,408 €",L
0320105,DENGRAS 2040 24 KGS. (P) Desengrasante Antiestático Concentrado,,28,"1,808 €",Kg
, ,,,,
,2040 SISTEMAS DE DOSIFICACION ,,,       -Precio-,
0360156,EQUIPO PROACID LANZA 120 CM. MANGUERA 25 MT. ,,,"243,000 €",Ud
0360155,EQUIPO PROPULV LANZA 110 CM. MANGUERA 25 MT. ,,,"153,000 €",Ud
0390026,"SISTEMA MOVIL DE ESPUMA 2,5 LTS. ",,,"65,487 €",Ud
, ,,,,
,2050 BOXES DE LAVADO ,,Ud./Pale,       -Precio-,
0320213,BOX FOAM 20 LTS. (P) Detergente espumante boxes,,28,"1,278 €",L
0320135,BOXCAR 20 LTS.  (P) Detergente Boxes Líquido,,28,"1,228 €",L
0320041,BOXCLEAN P 20 KGS. (S) Limpiador Boxes En Polvo,,36,"1,313 €",Kg
0220065,OSMO 13 KGS. (P) Anti-Incrustante Osmosis,,,"3,835 €",Kg
0220060,OSMO 26 KGS. (P) Anti-Incrustante Osmosis,,,"3,815 €",Kg
, ,,,,
,2060 PUENTES Y TUNELES DE LAVADO ,,Ud./Pale,       -Precio-,
0320043,CARLEX M 20 LTS. (P) Champú Manual,,28,"0,845 €",L
0320012,CARLEX 20 LTS. (P) Champú Túnel De Lavado,,28,"0,838 €",L
0320013,CARLEX C 20 LTS. (P) Champú Túnel de Lavado Activado,,28,"1,333 €",L
0320045,WAX AUT 20 LTS. (P) Cera Túnel De Lavado,,28,"1,253 €",L
0320133,WAX AUT C 20 LTS. (P) Cera Túnel Superpolish,,28,"1,442 €",L
0320196,BIOWAX 20 LTS.  (P) Cera Etilénica,,28,"1,644 €",L
, ,,,,
,2065 LIMPIADORES LAVADEROS ,Ud./Caja,Ud./Pale,       -Precio-,
0320078,BRILLANT 10 LTS. (P) Limpiador Recuperador Aluminio,,60,"1,764 €",L
0320088,BRILLANT 20 LTS. (P) Limpiador Recuperador Aluminio,,28,"1,741 €",L
0020008,MIRROW 05 LTS. (P) Limpiacristales Concentrado,4,32,"1,240 €",L
0020046,MIRROW 20 LTS. (P) Limpiacristales Concentrado,,28,"1,196 €",L
0320037,TAPIXEL 05 LTS. (P) Limpiador tapicerías inyección-extracción,4,32,"1,357 €",L
0320042,TAPIXEL 20 LTS. (P) Limpiador tapicerías inyección-extracción,,28,"1,314 €",L
0320191,CLEAN CAR 10 LTS. (P) Limpiador Abrillantador en Seco,,60,"2,019 €",L
0320091,MOQUET S 05 LTS. (P) Espuma Seca Moquetas / Tapicerías,4,32,"1,691 €",L
, ,,,,
,2070 ABRILLANTADORES ,Ud./Caja,Ud./Pale,       -Precio-,
0130010,CAUBRILL 10 LTS. (P) Abrillantador De Caucho,,60,"1,251 €",L
0130019,CAUBRILL 20 LTS. (P) Abrillantador De Caucho,,28,"1,229 €",L
0130000,VINILEX 05 LTS. (H) Abrillantador Vinilos,4,18,"2,757 €",L
0130001,VINILEX 10 LTS. (H) Abrillantador Vinilos,,48,"2,736 €",L
0130002,VINILEX 25 LTS. (M) Abrillantador Vinilos,,16,"2,713 €",L
0130004,VINILEX S/S 05 LTS. (P) Abrillantador Vinilos Sin Silicona,4,32,"2,675 €",L
0130005,VINILEX S/S 10 LTS. (P) Abrillantador Vinilos Sin Silicona,,60,"2,654 €",L
0130021,VINILEX S/S 20 LTS. (P) Abrillantador Vinilos Sin Silicona,,28,"2,633 €",L
0130008,VINILEX SPRAY  (P) Abrillantador Vinilos En Spray,12,84,"2,260 €",Ud
, ,,,,
,2075 ANTICONGELANTES ,Ud./Caja,Ud./Pale,       -Precio-,
0310012,AGUA DESTILADA 05 LTS. (PB) Agua Destilada,4,32,"0,336 €",L
0310020,AGUA DESTILADA 20 LTS. (P) Agua Destilada,,28,"0,294 €",L
0310003,ANTICONGELANTE 10% ORGANICO VERDE 05 LTS. (P) Anticongelante 10% Orgáncio,4,32,"1,939 €",Ud
0310051,ANTICONGELANTE 10% ORGANICO ROSA 05 LTS. (P) Anticongelante 10% Orgáncio,4,32,"1,939 €",Ud
0310007,ANTICONGELANTE 30% ORGANICO VERDE 05 LTS. (P) Anticongelante 30% Orgáncio,4,32,"3,548 €",Ud
0310052,ANTICONGELANTE 30% ORGANICO ROSA 05 LTS.  (P) Anticongelante 30% Orgáncio,4,32,"3,548 €",Ud
0310033,ANTICONGELANTE 50% ORGANICO AMAR. 05 LTS. (PB) Anticongelante 50% Orgáncio,4,32,"5,184 €",Ud
0310053,ANTICONGELANTE 50% ORGANICO ROSA 05 LTS. (P) Anticongelante 50% Orgáncio,4,32,"5,184 €",Ud
0310016,ANTICONGELANTE PURO ORGANICO 20 LTS. (P) Anticongelante puro orgánico, ,28,"1,785 €",L
0310028,VIDRENET 05 LTS. (P) Lavaparabrisas Anticongelante,4,32,"0,446 €",L
, ,,,,
,2080 TRATAMIENTO W.C. QUIMICO ,Ud./Caja,Ud./Pale,       -Precio-,
0050032,W.C. 31 05 LTS.  (P) Tratamiento Químico W.C.,4,32,"2,560 €",L
0050051,W.C. 31 20 LTS.  (P) Tratamiento Químico W.C.,,28,"2,540 €",L
0050064,W.C. 31 S.F. 05 LTS.  (P) Tratamiento Concentrado W.C.,4,32,"5,031 €",L
0050062,W.C. 31 S.F. 20 LTS.  (P) Tratamiento Concentrado W.C.,,28,"5,010 €",L
,,,,,
,INDUSTRIA,,,,
,3010 PRODUCTOS MECANIZADOS ,,Ud./Pale,       -Precio-,
0180009,ACELEX 10 LTS. (H) Aceite De Corte,,48,"2,923 €",L
0180010,ACELEX 25 LTS. (M) Aceite De Corte,,16,"2,903 €",L
0180001,COOLEX V 10 LTS. (P) Taladrina Verde,,60,"1,194 €",L
0180023,COOLEX V 20 LTS. (P) Taladrina Verde,,28,"1,172 €",L
0180005,COOLEX B 10 LTS. (P) Taladrina Blanca,,60,"3,758 €",L
0180022,COOLEX B 20 LTS. (P) Taladrina Blanca,,28,"3,735 €",L
0180042,COOLEX PLUS 10 LTS. (P) Taladrina Mecanizados Semisintética,,60,"4,318 €",L
0180063,COOLEX PLUS 20 LTS. (P) Taladrina Mecanizados Semisintética,,28,"4,286 €",L
0180017,FLUX ALUMINIO 10 LTS. (H) Fluido De Corte Aluminio,,48,"2,281 €",L
0180018,FLUX ALUMINIO 25 LTS. (M) Fluido De Corte Aluminio,,16,"2,258 €",L
, ,,,,
,3020 DESINCRUSTANTES Y ADITIVOS ,Ud./Caja,Ud./Pale,       -Precio-,
0320030,ANTICAL LIQUIDO 10 LTS. (P) Protector Anticalcáreo,,60,"1,633 €",L
0320046,ANTICAL LIQUIDO 20 LTS. (P) Protector Anticalcáreo,,28,"1,613 €",L
0220008,DESCRUST MNF 05 LTS. (P) Desincrustante Especial,4,32,"1,298 €",L
0220009,DESCRUST MNF 10 LTS. (P) Desincrustante Especial,,60,"1,277 €",L
0430064,ANTIESPUMANTE 05 LTS. (P) Antiespumante,4,32,"2,752 €",L
0430110,ANTIESPUMANTE 20 LTS. (P) Antiespumante,,28,"2,710 €",L
0220001,DESCRUST 10 LTS. (P) Desincrustante Concentrado,,60,"1,252 €",L
0220018,DESCRUST 20 LTS. (P) Desincrustante Concentrado,,28,"1,230 €",L
, ,,,,
,3030 LIMPIADORES Y DECAPANTES ,Ud./Caja,Ud./Pale,       -Precio-,
0220064,SOLUT 10 LTS. (P) Decapante de Pinturas,,60,"3,831 €",L
0220062,SOLUT 20 LTS. (P) Decapante de Pinturas,,28,"3,809 €",L
0200005,CITRIXEL  05 LTS. (M) Solvente Eco,4,18,"4,170 €",L
0200006,CITRIXEL  25 LTS. (M) Solvente Eco,,16,"4,126 €",L
0430113,SOLGRAS ECO 10 LTS. (M) Solvente Ecológico,,48,"3,038 €",L
, ,,,,
,3040 ADITIVOS COMBUSTION ,Ud./Caja,Ud./Pale,       -Precio-,
0430044,ADIGAS 10 LTS. (H) Aditivo De Gas-Oil,,48,"3,339 €",L
0430045,ADIGAS 25 LTS. (M) Aditivo De Gas-Oil,,16,"3,319 €",L
,,,,,
,CONSTRUCCION,,,,
,4010 DESENCOFRANTES ,,Ud./Pale,       -Precio-,
0210002,COFRAN E 20 LTS. (P) Desencofrante Emulsionable,,28,"3,104 €",L
0210006,COFRAN P 20 LTS. (P) Desencofrante Gas-Oil,,28,"2,971 €",L
, ,,,,
,4030 TRATAMIENTOS FACHADAS Y SUELOS ,Ud./Caja,Ud./Pale,       -Precio-,
0030136,HERMETIZADOR HR 10 LTS. (H) Sellador Base Solvente,,48,"3,727 €",L
0030130,HERMETIZADOR HR 25 LTS. (H) Sellador Base Solvente,,16,"3,705 €",L
0230145,SX 600 05 LTS. (P) Hidroleorepelente Inodoro,4,32,"6,271 €",L
0230035,SX 500 05 LTS. (H) Hidroleorepelente,4,18,"10,241 €",L
0230004,HIDROREPEL 10 LTS. (H) Hidrofugante Superficie,,48,"3,772 €",L
0230005,HIDROREPEL 25 LTS. (M) Hidrofugante Superficie,,16,"3,750 €",L
0230032,HIDROREPEL ACUO 10 LTS. (P) Hidrofugante Superficie Húmeda,,60,"2,553 €",L
0230073,HIDROREPEL ACUO 20 LTS. (P) Hidrofugante Superficie Húmeda,,28,"2,532 €",L
0230089,HIDROREPEL PLUS COL 10 LTS. (H) Hidrofugante Superficie Alto Tono,,48,"4,124 €",L
0230090,HIDROREPEL PLUS COL 25 LTS. (M) Hidrofugante Superficie Alto Tono,,16,"4,103 €",L
0230151,LIMPGRAFFITI 10 lts. (P) Limpiador Graffitis,,60,"3,611 €",L
0230049,PROTEC ANTIGRAFFITI 10 LTS. (P) Protector Antigraffiti,,60,"6,769 €",L
, ,,,,
,4040 DESINCRUSTANTES ,Ud./Caja,Ud./Pale,       -Precio-,
0220008,DESCRUST MNF 05 LTS. (P) Desincrustante Especial,4,32,"1,298 €",L
0220009,DESCRUST MNF 10 LTS. (P) Desincrustante Especial,,60,"1,277 €",L
0220001,DESCRUST 10 LTS. (P) Desincrustante Concentrado,,60,"1,252 €",L
0220018,DESCRUST 20 LTS. (P) Desincrustante Concentrado,,28,"1,230 €",L
,,,,,
,PISCINAS,,,,
,6010 PRODUCTOS TRATAMIENTOS PISCINAS ,Ud./Caja,Ud./Pale,       -Precio-,
0280020,PICLOR POLV 05 KGS. (C) Cloro Polvo,4,18,"3,640 €",Kg
0280022,PICLOR POLV 30 KGS. (C) Cloro Polvo,,16,"3,575 €",Kg
0280000,PICLOR G 05 KGS. (C) Cloro Granulado,4,18,"3,640 €",Kg
0280002,PICLOR G 30 KGS. (C) Cloro Granulado,,16,"3,575 €",Kg
0280016,PICLOR T 05 KGS. (C) Cloro Tabletas,4,18,"3,705 €",Kg
0280018,PICLOR T 25 KGS. (C) Cloro Tabletas,,16,"3,639 €",Kg
0280035,PICLOR MA 05 KGS. (C) Cloro Multiacción Tabletas,4,18,"3,705 €",Kg
0280085,PICLOR MA 25 KGS. (C) Cloro Multiacción Tabletas,,16,"3,639 €",Kg
0280041,PICLOR RAP 05 KGS. (C) Cloro Disolución Rápida,4,18,"3,640 €",Kg
0280040,PICLOR RAP 25 KGS. (C) Cloro Disolución Rápida,,16,"3,575 €",Kg
0280032,PICLOR LIQ 12 KGS. (PA) Cloro Líquido,,60,"0,669 €",Kg
0280051,PICLOR LIQ 24 KGS. (PA) Cloro Líquido,,28,"0,647 €",Kg
, ,,,,
,6020 ALGICIDAS Y MANTENEDORES ,Ud./Caja,Ud./Pale,       -Precio-,
0280004,ALGEX 05 LTS. (P) Algicida,4,32,"1,030 €",L
0280005,ALGEX 10 LTS. (P) Algicida,,60,"1,008 €",L
0280017,ALGEX 20 LTS. (P) Algicida,,28,"0,986 €",L
0220008,DESCRUST MNF 05 LTS. (P) Desincrustante Especial,4,32,"1,298 €",L
0220009,DESCRUST MNF 10 LTS. (P) Desincrustante Especial,,60,"1,277 €",L
0280045,ALGEL S/E 05 LTS. (P) Algicida Espuma Controlada,4,32,"1,437 €",L
0280046,ALGEL S/E 10 LTS. (P) Algicida Espuma Controlada,,60,"1,415 €",L
0280067,ALGEL S/E 20 LTS. (P) Algicida Espuma Controlada,,28,"1,394 €",L
0280008,FLOXEL 05 LTS. (P) Floculante,4,32,"1,644 €",L
0280069,FLOXEL 20 LTS. (P) Floculante,,28,"1,599 €",L
0280013,AMINOR PH 10 KGS. (C) Disminuidor De Ph,,48,"1,589 €",Kg
0280068,AMINOR PH L 20 LTS. (P) Disminuidor De Ph Líquido,,28,"0,869 €",L
0280015,PLUS PH 10 KGS. (C) Aumentador De Ph,,48,"1,431 €",Kg
0280071,PLUS PH L 20 LTS. (P) Aumentador De Ph Líquido,,28,"0,985 €",L
0280027,INVERNAL 05 LTS. (P) Liquido Invernada,4,32,"1,572 €",L
0280070,INVERNAL 20 LTS. (P) Liquido Invernada,,28,"1,527 €",L
, ,,,,
,6030 COMPLEMENTOS PISCINAS ,,,       -Precio-,
0360014,DOSIF.MEMBRANA CLORO LIQUIDO ,,,"146,500 €",Ud
0280038,FLOTADOR TABLETAS CLORO capacidad 4 tabletas (P) ,,,"14,250 €",Ud
0280044,KIT MEDIDOR CLORO PH Tabletas (P) ,,,"29,153 €",Ud
0280055,DPD 1 REACTIVO CLORO LIBRE 250 uds (P) ,,,"16,523 €",Ud
0280072,DPD REACTIVO PH - Tabletas - 250 unid. (P) ,,,"16,523 €",Ud
,,,,,
,CELULOSA,,,,
,7010 HIGIENICOS CELULOSA ,,,       -Precio-,
0350055,HIGIENICO DOMESTICO 35 MTS. 96 UDS. (F),,,"0,275 €",Ud
0350087,HIGIENICO DOMESTICO 108 UDS. (F),,,"0,150 €",Ud
0350023,PAPEL HIGIENICO INDUSTRIAL GOFRADO D-45 2C 18 UD. (F),,,"0,910 €",Ud
,,,,,
,7015 SECAMANOS CELULOSA,,,       -Precio-,
0350004,PAPEL MECHA MINI 2C 12 UDS. (F),,,"1,575 €",Ud
0350025,PAPEL MECHA GOFRADO 2C 6 UDS. (F),,,"2,085 €",Ud
0350006,PAPEL MECHA 2C 6 UDS. (F),,,"3,563 €",Ud
,,,,,
,7020 TOALLAS CELULOSA,,,       -Precio-,
0350031,TOALLAS ZIG-ZAG BLANCA 2C 200S 20 UDS. (CJ),,,"0,946 €",Ud
,,,,,
,7040 BOBINA INDUSTRIAL,,,       -Precio-,
0350041,BOBINA INDUSTRIAL GOFRADA PASTA 2C (F),,,"8,600 €",Ud
0350101,BOBINA INDUSTRIAL LAMINADA AZUL 2C (F),,,"10,063 €",Ud
0350108,BOBINA INDUSTRIAL LAMINADA BLANCA 2C (F),,,"10,825 €",Ud
0350008,BOBINA INDUSTRIAL LISA ECO 2C (F),,,"13,000 €",Ud
,,,,,
,COMPLEMENTOS,,,,
,8010 DOSIFICADORES Y PULVERIZADORES ,,,       -Precio-,
0390011,CABEZAL PEQUEÑO,,,"0,258 €",Ud
0390017,CABEZAL PEQUEÑO ESPUMANTE,,,"0,294 €",Ud
0390012,CABEZAL AZUL,,,"0,861 €",Ud
0390014,CABEZAL ROJO ESPECIAL,,,"1,583 €",Ud
0390003,BOT.PULVER 750 ML NATURAL+CAB.PEQUEÑO,,,"0,576 €",Ud
0390016,BOT.PULVER 750 ML NATURAL+CAB.ESPUMANTE,,,"0,606 €",Ud
0480161,BOTELLA PULVER 750 ML  NATURAL,,,"0,350 €",Ud
0390031,BOT.PULVER 750 ML BLANCA+CAB.ESPUMANTE,,,"0,606 €",Ud
0390030,BOT.PULVER 750 ML BLANCA+CAB.PEQUEÑO,,,"0,576 €",Ud
0390034,BOTELLA PULVER 750 ML BLANCA,,,"0,350 €",Ud
0390008,DOSIFICADOR INCORPORADO 5 LTS.,,,"1,894 €",Ud
0390019,DOSIFICADOR CLOR INCORP. 5 LTS.,,,"10,125 €",Ud
0390009,DOSIFICADOR INCORPORADO 10 LTS.,,,"1,894 €",Ud
0390020,DOSIFICADOR CLOR INCORP. 10 LTS.,,,"10,125 €",Ud
0390004,DOSIFICADOR INCORPORADO MAXI 20 LTS.,,,"7,616 €",Ud
0380050,BOTELLA 1 L. + TAPON DOSIFICADOR 20 ML,,,"1,199 €",Ud
0380051,TAPON DOSIFICADOR 20 ML,,,"0,647 €",Ud
0380053,ETIQUETAS AL USO 20 UDS.,,,"2,084 €",PAQ.
0380047,ETIQUETAS IDENTIFICATIVAS 20 UDS.,,,"2,111 €",PAQ.
,,,,,
,8020 JABONERAS,,,       -Precio-,
0390022,JABONERA CARGA 1 L,,,"7,787 €",Ud
0370001,JABONERA GEL RELLENABLE,,,"7,381 €",Ud
0370065,JABONERA ESPUMA RELLENABLE,,,"9,450 €",Ud
0390002,JABONERA INDUSTRIAL 3 LTS.,,,"13,433 €",Ud
,,,,,
,8030 DISPENSADORES CELULOSA,,,       -Precio-,
0370051,SOPORTE MURAL BOBINA INDUSTRIAL,,,"15,875 €",Ud
0370005,SOPORTE TRIPODE BOBINA INDUSTRIAL,,,"18,375 €",Ud
0370040,DISPENSADOR PAPEL MECHA,,,"10,424 €",Ud
0370002,PORTARROLLOS A.B.S.,,,"7,288 €",Ud
0370003,DISPENSADOR TOALLAS ZIG-ZAG A.B.S.,,,"8,575 €",Ud
,,,,,
,8050 DISPENSADORES Y APARATOS ELECTRICOS,,,       -Precio-,
0360037,DISPENSADOR AUTOMATICO SPRAY,,,"10,189 €",Ud